{"cameraMode":{"drawMode":0,"name":"Shaded","section":"Shading Mode"},"sceneLighting":true,"audioPlay":false,"sceneViewState":{"showFog":false,"showMaterialUpdate":false,"showSkybox":false,"showFlares":false,"showImageEffects":false,"showParticleSystems":false},"in2DMode":false,"pivot":{"x":-26.21247100830078,"y":-1.355698585510254,"z":35.27358627319336},"rotation":{"x":-0.06455976516008377,"y":0.22465600073337556,"z":-0.014918684959411621,"w":-0.9721838235855103},"size":77.80270385742188,"orthographic":false}